{"cameraMode":{"drawMode":0,"name":"Shaded","section":"Shading Mode"},"sceneLighting":true,"audioPlay":false,"sceneViewState":{"m_AlwaysRefresh":false,"showFog":true,"showSkybox":true,"showFlares":true,"showImageEffects":true,"showParticleSystems":true,"showVisualEffectGraphs":true,"m_FxEnabled":true},"in2DMode":false,"pivot":{"x":326.4559631347656,"y":554.7852783203125,"z":48.167762756347659},"rotation":{"x":0.0029997392557561399,"y":0.006000065244734287,"z":-0.000016754087482695468,"w":0.9999747276306152},"size":948.98291015625,"orthographic":true}