{"cameraMode":{"drawMode":0,"name":"Shaded","section":"Shading Mode"},"sceneLighting":true,"audioPlay":false,"sceneViewState":{"m_AlwaysRefresh":false,"showFog":true,"showSkybox":true,"showFlares":true,"showImageEffects":true,"showParticleSystems":true,"showVisualEffectGraphs":true,"m_FxEnabled":true},"in2DMode":false,"pivot":{"x":860.14111328125,"y":516.1885986328125,"z":-66.5068359375},"rotation":{"x":0.0014997835969552398,"y":0.007500162813812494,"z":-0.000010405564353277441,"w":0.9999684691429138},"size":820.6126708984375,"orthographic":true}