{"cameraMode":{"drawMode":0,"name":"Shaded","section":"Shading Mode"},"sceneLighting":true,"audioPlay":false,"sceneViewState":{"m_AlwaysRefresh":false,"showFog":true,"showSkybox":true,"showFlares":true,"showImageEffects":true,"showParticleSystems":true,"showVisualEffectGraphs":true,"m_FxEnabled":true},"in2DMode":false,"pivot":{"x":521.2564697265625,"y":1508.05224609375,"z":46.934608459472659},"rotation":{"x":-0.011999073438346386,"y":0.010499034076929093,"z":0.00012599583715200424,"w":0.999872088432312},"size":1925.8973388671875,"orthographic":true}