{"cameraMode":{"drawMode":0,"name":"Shaded","section":"Shading Mode"},"sceneLighting":true,"audioPlay":false,"sceneViewState":{"m_AlwaysRefresh":false,"showFog":true,"showSkybox":true,"showFlares":true,"showImageEffects":true,"showParticleSystems":true,"showVisualEffectGraphs":true,"m_FxEnabled":true},"in2DMode":false,"pivot":{"x":373.2259826660156,"y":1806.018798828125,"z":808.6077880859375},"rotation":{"x":-0.046419356018304828,"y":-0.05241897702217102,"z":-0.0024379901587963106,"w":0.9975407123565674},"size":1409.419189453125,"orthographic":true}