{"cameraMode":{"drawMode":0,"name":"Shaded","section":"Shading Mode"},"sceneLighting":true,"audioPlay":false,"sceneViewState":{"m_AlwaysRefresh":false,"showFog":true,"showSkybox":true,"showFlares":true,"showImageEffects":true,"showParticleSystems":true,"showVisualEffectGraphs":true,"m_FxEnabled":true},"in2DMode":false,"pivot":{"x":186.95675659179688,"y":301.7374572753906,"z":62.506771087646487},"rotation":{"x":0.032993949949741366,"y":0.0014989954652264715,"z":-0.00004953990355716087,"w":0.9994543194770813},"size":369.3958435058594,"orthographic":true}