{"cameraMode":{"drawMode":0,"name":"Shaded","section":"Shading Mode"},"sceneLighting":true,"audioPlay":false,"sceneViewState":{"m_AlwaysRefresh":false,"showFog":true,"showSkybox":true,"showFlares":true,"showImageEffects":true,"showParticleSystems":true,"showVisualEffectGraphs":true,"m_FxEnabled":true},"in2DMode":false,"pivot":{"x":350.5204162597656,"y":654.4979248046875,"z":-2786.39404296875},"rotation":{"x":0.001499925390817225,"y":0.00449995556846261,"z":-0.000006748125088051893,"w":0.9999879598617554},"size":801.5407104492188,"orthographic":true}