{"cameraMode":{"drawMode":0,"name":"Shaded","section":"Shading Mode"},"sceneLighting":true,"audioPlay":false,"sceneViewState":{"m_AlwaysRefresh":false,"showFog":true,"showSkybox":true,"showFlares":true,"showImageEffects":true,"showParticleSystems":true,"showVisualEffectGraphs":true,"m_FxEnabled":true},"in2DMode":false,"pivot":{"x":518.0074462890625,"y":899.8740844726563,"z":-2668.795166015625},"rotation":{"x":-0.01199887041002512,"y":0.011998829431831837,"z":0.00014399430074263364,"w":0.9998552203178406},"size":1259.171630859375,"orthographic":true}