{"cameraMode":{"drawMode":0,"name":"Shaded","section":"Shading Mode"},"sceneLighting":true,"audioPlay":false,"sceneViewState":{"m_AlwaysRefresh":false,"showFog":true,"showSkybox":true,"showFlares":true,"showImageEffects":true,"showParticleSystems":true,"showVisualEffectGraphs":true,"m_FxEnabled":true},"in2DMode":false,"pivot":{"x":348.5484619140625,"y":588.4403686523438,"z":34.25459671020508},"rotation":{"x":-0.049433138221502307,"y":-0.04343285784125328,"z":-0.002150437328964472,"w":0.997828483581543},"size":830.9869384765625,"orthographic":true}