{"cameraMode":{"drawMode":0,"name":"Shaded","section":"Shading Mode"},"sceneLighting":true,"audioPlay":false,"sceneViewState":{"m_AlwaysRefresh":false,"showFog":true,"showSkybox":true,"showFlares":true,"showImageEffects":true,"showParticleSystems":true,"showVisualEffectGraphs":true,"m_FxEnabled":true},"in2DMode":false,"pivot":{"x":281.3348693847656,"y":516.869873046875,"z":-286.854248046875},"rotation":{"x":0.0014997974503785372,"y":0.006000202149152756,"z":-0.000008155877367244102,"w":0.9999786019325256},"size":693.8718872070313,"orthographic":true}