{"cameraMode":{"drawMode":0,"name":"Shaded","section":"Shading Mode"},"sceneLighting":true,"audioPlay":false,"sceneViewState":{"m_AlwaysRefresh":false,"showFog":true,"showSkybox":true,"showFlares":true,"showImageEffects":true,"showParticleSystems":true,"showVisualEffectGraphs":true,"m_FxEnabled":true},"in2DMode":false,"pivot":{"x":539.9910278320313,"y":978.7345581054688,"z":-0.44961339235305788},"rotation":{"x":-0.011999073438346386,"y":0.010499034076929093,"z":0.00012599583715200424,"w":0.999872088432312},"size":1646.5699462890625,"orthographic":true}