{"cameraMode":{"drawMode":0,"name":"Shaded","section":"Shading Mode"},"sceneLighting":true,"audioPlay":false,"sceneViewState":{"m_AlwaysRefresh":false,"showFog":true,"showSkybox":true,"showFlares":true,"showImageEffects":true,"showParticleSystems":true,"showVisualEffectGraphs":true,"m_FxEnabled":true},"in2DMode":false,"pivot":{"x":511.544677734375,"y":1316.19873046875,"z":-1636.7406005859375},"rotation":{"x":-0.011999073438346386,"y":0.010499034076929093,"z":0.00012599583715200424,"w":0.999872088432312},"size":886.58935546875,"orthographic":true}